<!-- Quest Data -->
<quests>
	<quest id = "1" reward="300">

		<trigger type ="0">
     			 <collider x = "30" y= "30" w="10" h="10"/>
		</trigger>

		<step type = "0">
			<collider x = "150" y= "30" w="10" h="10"/>
		</step>
		<step type = "0">
			<collider x = "30" y= "30" w="10" h="10"/>
		</step>


	</quest>

	<quest id = "2" reward="700">

		<trigger type ="0">
     			 <collider x = "130" y= "130" w="10" h="10"/>
		</trigger>

		<step type = "0">
			<collider x = "250" y= "130" w="10" h="10"/>
		</step>
		<step type = "0">
			<collider x = "130" y= "130" w="10" h="10"/>
		</step>


	</quest>

</quests>